<?xml version="1.0"?>
<positions>
	<main file="D:\AHK\Projects\AHK Studio New GUI\AHK Studio.ahk" search="food">
		<file end="1910" file="D:\AHK\Projects\AHK Studio New GUI\AHK Studio.ahk" scroll="20" start="1910"></file>
		<file end="289" file="D:\AHK\Projects\AHK Studio New GUI\auto update.ahk" scroll="0" start="289"></file>
		<file end="610" file="D:\AHK\Projects\AHK Studio New GUI\Remove Segment.ahk" scroll="0" start="610"></file>
		<file end="3900" file="D:\AHK\Projects\AHK Studio New GUI\class ftp.ahk" scroll="96" start="3900"></file>
		<file end="0" file="D:\AHK\Projects\AHK Studio New GUI\ftp servers.ahk" scroll="0" start="0"></file>
		<file end="0" file="D:\AHK\Projects\AHK Studio New GUI\update.ahk" scroll="0" start="0"></file>
		<file end="0" file="D:\AHK\Projects\AHK Studio New GUI\flan.ahk" scroll="0" start="0"></file>
		<file end="2287" file="D:\AHK\Projects\AHK Studio New GUI\msgbox creator.ahk" scroll="35" start="2287"></file>
		<file end="1543" file="D:\AHK\Projects\AHK Studio New GUI\about.ahk" scroll="14" start="1543"></file>
		<file end="591" file="D:\AHK\Projects\AHK Studio New GUI\On Dropfiles.ahk" scroll="0" start="591"></file>
		<file end="0" file="D:\AHK\Projects\AHK Studio New GUI\edit replacements.ahk" scroll="0" start="0"></file>
		<file end="273" file="D:\AHK\Projects\AHK Studio New GUI\replace selected.ahk" scroll="0" start="273"></file>
		<file end="5" file="D:\AHK\Projects\AHK Studio New GUI\qf.ahk" scroll="0" start="5"></file>
		<file end="5013" file="D:\AHK\Projects\AHK Studio New GUI\gui.ahk" scroll="117" start="5013"></file>
		<file end="0" file="D:\AHK\Projects\AHK Studio New GUI\UrlDownloadToVar.ahk" scroll="0" start="134"></file>
		<file end="544" file="D:\AHK\Projects\AHK Studio New GUI\keywords.ahk" scroll="0" start="544"></file>
		<file end="1333" file="D:\AHK\Projects\AHK Studio New GUI\set.ahk" scroll="18" start="1333"></file>
		<file end="307" file="D:\AHK\Projects\AHK Studio New GUI\fix indent.ahk" scroll="0" start="307"></file>
		<file end="1526" file="D:\AHK\Projects\AHK Studio New GUI\context.ahk" scroll="40" start="1526"></file>
		<file end="111" file="D:\AHK\Projects\AHK Studio New GUI\testing.ahk" scroll="0" start="111"></file>
		<file end="1386" file="D:\AHK\Projects\AHK Studio New GUI\defaultfont.ahk" scroll="10" start="1386"></file>
		<file end="0" file="D:\AHK\Projects\AHK Studio New GUI\Dlg_Color.ahk" scroll="0" start="0"></file>
		<file end="431" file="D:\AHK\Projects\AHK Studio New GUI\themetext.ahk" scroll="0" start="431"></file>
		<file end="2357" file="D:\AHK\Projects\AHK Studio New GUI\theme.ahk" scroll="48" start="2357"></file>
		<file end="144" file="D:\AHK\Projects\AHK Studio New GUI\tv.ahk" scroll="0" start="144"></file>
		<file end="0" file="D:\AHK\Projects\AHK Studio New GUI\open folder.ahk" scroll="0" start="0"></file>
		<file end="0" file="D:\AHK\Projects\AHK Studio New GUI\Dlg_font.ahk" scroll="0" start="0"></file>
		<file end="368" file="D:\AHK\Projects\AHK Studio New GUI\options.ahk" scroll="0" start="368"></file>
		<file end="36" file="D:\AHK\Projects\AHK Studio New GUI\Jump to Segment.ahk" scroll="0" start="36"></file>
		<file end="16" file="D:\AHK\Projects\AHK Studio New GUI\menu.ahk" scroll="0" start="16"></file>
		<file end="0" file="D:\AHK\Projects\AHK Studio New GUI\hwnd.ahk" scroll="0" start="0"></file>
		<file end="0" file="D:\AHK\Projects\AHK Studio New GUI\paste.ahk" scroll="0" start="0"></file>
		<file end="0" file="D:\AHK\Projects\AHK Studio New GUI\Personal Variable List.ahk" scroll="0" start="0"></file>
		<file end="40" file="D:\AHK\Projects\AHK Studio New GUI\hotkeys.ahk" scroll="0" start="40"></file>
		<file end="13" file="D:\AHK\Projects\AHK Studio New GUI\filecheck.ahk" scroll="0" start="13"></file>
		<file end="2" file="D:\AHK\Projects\AHK Studio New GUI\custom highlight list.ahk" scroll="0" start="2"></file>
		<file end="0" file="D:\AHK\Projects\AHK Studio New GUI\replace.ahk" scroll="0" start="0"></file>
		<file end="0" file="D:\AHK\Projects\AHK Studio New GUI\get access.ahk" scroll="0" start="0"></file>
		<file end="284" file="D:\AHK\Projects\AHK Studio New GUI\check id.ahk" scroll="0" start="284"></file>
		<file end="943" file="D:\AHK\Projects\AHK Studio New GUI\help.ahk" scroll="0" start="961"></file>
		<file end="408" file="D:\AHK\Projects\AHK Studio New GUI\Scratch Pad.ahk" scroll="0" start="424"></file>
		<file end="235" file="D:\AHK\Projects\AHK Studio New GUI\jump to project.ahk" scroll="0" start="235"></file>
		<file end="0" file="D:\AHK\Projects\AHK Studio New GUI\bracesetup.ahk" scroll="0" start="0"></file>
		<file end="239" file="D:\AHK\Projects\AHK Studio New GUI\setup.ahk" scroll="0" start="239"></file>
		<file end="887" file="D:\AHK\Projects\AHK Studio New GUI\Scintilla Code Lookup.ahk" scroll="16" start="887"></file>
		<file end="4" file="D:\AHK\Projects\AHK Studio New GUI\LV_Select.ahk" scroll="0" start="4"></file>
		<file end="157" file="D:\AHK\Projects\AHK Studio New GUI\Sort Selected.ahk" scroll="0" start="157"></file>
		<file end="1218" file="D:\AHK\Projects\AHK Studio New GUI\arrows.ahk" scroll="31" start="1218"></file>
		<file end="581" file="D:\AHK\Projects\AHK Studio New GUI\Create Segment From Selection.ahk" scroll="0" start="581"></file>
		<file end="29" file="D:\AHK\Projects\AHK Studio New GUI\new segment.ahk" scroll="0" start="29"></file>
		<file end="2187" file="D:\AHK\Projects\AHK Studio New GUI\notify.ahk" scroll="38" start="2187"></file>
		<file end="670" file="D:\AHK\Projects\AHK Studio New GUI\save.ahk" scroll="0" start="670"></file>
		<file end="0" file="D:\AHK\Projects\AHK Studio New GUI\lastfiles.ahk" scroll="0" start="0"></file>
		<file end="0" file="D:\AHK\Projects\AHK Studio New GUI\RefreshThemes.ahk" scroll="0" start="0"></file>
		<file end="729" file="D:\AHK\Projects\AHK Studio New GUI\toolbar.ahk" scroll="0" start="711"></file>
		<file end="0" file="D:\AHK\Projects\AHK Studio New GUI\addbutton.ahk" scroll="0" start="0"></file>
		<file end="0" file="D:\AHK\Projects\AHK Studio New GUI\runfile.ahk" scroll="0" start="0"></file>
		<file end="21" file="D:\AHK\Projects\AHK Studio New GUI\undo.ahk" scroll="0" start="21"></file>
		<file end="21" file="D:\AHK\Projects\AHK Studio New GUI\redo.ahk" scroll="0" start="21"></file>
		<file end="139" file="D:\AHK\Projects\AHK Studio New GUI\xml.ahk" scroll="0" start="296"></file>
		<file end="0" file="D:\AHK\Projects\AHK Studio New GUI\ssn.ahk" scroll="0" start="0"></file>
		<file end="0" file="D:\AHK\Projects\AHK Studio New GUI\sn.ahk" scroll="0" start="0"></file>
		<file end="425" file="D:\AHK\Projects\AHK Studio New GUI\icon browser.ahk" scroll="0" start="436"></file>
		<file end="126" file="D:\AHK\Projects\AHK Studio New GUI\traymenu.ahk" scroll="0" start="126"></file>
		<file end="677" file="D:\AHK\Projects\AHK Studio New GUI\Code Vault.ahk" scroll="15" start="677"></file>
		<file end="724" file="D:\AHK\Projects\AHK Studio New GUI\connect.ahk" scroll="0" start="734"></file>
		<file end="0" file="D:\AHK\Projects\AHK Studio New GUI\brace.ahk" scroll="0" start="0"></file>
		<file end="471" file="D:\AHK\Projects\AHK Studio New GUI\resize.ahk" scroll="0" start="471"></file>
		<file end="220" file="D:\AHK\Projects\AHK Studio New GUI\exit.ahk" scroll="0" start="220"></file>
		<file end="57" file="D:\AHK\Projects\AHK Studio New GUI\csc.ahk" scroll="0" start="57"></file>
		<file end="369" file="D:\AHK\Projects\AHK Studio New GUI\Class s.ahk" scroll="0" start="369"></file>
		<file end="0" file="D:\AHK\Projects\AHK Studio New GUI\xxx.ahk" scroll="0" start="0"></file>
		<file end="0" file="D:\AHK\Projects\AHK Studio New GUI\Post All In One Gist.ahk" scroll="0" start="0"></file></main>
	<main file="D:\Projects\Commands\commands.ahk" search="a_">
		<file end="5721" file="D:\Projects\Commands\commands.ahk" scroll="0" start="5721"></file>
		<file end="0" file="D:\Projects\Commands\commands xml.ahk" scroll="0" start="0"></file></main>
	<main file="C:\Users\maestrith\Desktop\Crop.ahk">
		<file end="347" file="C:\Users\maestrith\Desktop\Crop.ahk" scroll="0" start="347"></file></main>
	<main file="C:\Users\maestrith\Desktop\capslock.ahk">
		<file end="0" file="C:\Users\maestrith\Desktop\capslock.ahk" scroll="0" start="0"></file></main>
	<main file="D:\AHK\Projects\AHK Studio New GUI\Projects\Untitled\Untitled14\Untitled.ahk">
		<file end="0" file="D:\AHK\Projects\AHK Studio New GUI\Projects\Untitled\Untitled14\Untitled.ahk" scroll="0" start="0"></file></main>
	<main file="C:\Users\maestrith\Desktop\Don Corleon\Progress.ahk">
		<file end="547" file="C:\Users\maestrith\Desktop\Don Corleon\Progress.ahk" scroll="0" start="547"></file></main>
	<main file="D:\AHK\Projects\Picture Sort\gui.ahk">
		<file end="346" file="D:\AHK\Projects\Picture Sort\gui.ahk" scroll="0" start="346"></file></main>
	<main file="C:\Users\maestrith\Desktop\Don Corleon\download.ahk">
		<file end="80" file="C:\Users\maestrith\Desktop\Don Corleon\download.ahk" scroll="0" start="80"></file></main>
	<main file="C:\Users\maestrith\Desktop\Don Corleon\pc.ahk">
		<file end="356" file="C:\Users\maestrith\Desktop\Don Corleon\pc.ahk" scroll="0" start="356"></file></main>
	<main file="D:\Projects\WMP\wmp.ahk">
		<file end="10058" file="D:\Projects\WMP\wmp.ahk" scroll="384" start="10058"></file></main>
	<main file="D:\Projects\Sort Clipboard\Sort Clipboard.ahk">
		<file end="954" file="D:\Projects\Sort Clipboard\Sort Clipboard.ahk" scroll="32" start="954"></file></main>
	<main file="D:\Projects\Commands\commands xml.ahk">
		<file end="38361" file="D:\Projects\Commands\commands xml.ahk" scroll="344" start="38361"></file></main>
	<main file="C:\Users\maestrith\Desktop\testig.ahk">
		<file end="0" file="C:\Users\maestrith\Desktop\testig.ahk" scroll="17" start="0"></file></main>
	<main file="C:\Users\maestrith\Desktop\gog.ahk">
		<file end="994" file="C:\Users\maestrith\Desktop\gog.ahk" scroll="27" start="994"></file>
		<file end="910" file="C:\Users\maestrith\Desktop\httprequest.ahk" scroll="153" start="910"></file></main>
	<main file="C:\Users\maestrith\Downloads\GoG Updater.ahk">
		<file end="20024" file="C:\Users\maestrith\Downloads\GoG Updater.ahk" scroll="414" start="20024"></file></main>
	<main file="C:\Users\maestrith\Desktop\GOG DL\GoG Updater.ahk" search="headers\(">
		<file end="32556" file="C:\Users\maestrith\Desktop\GOG DL\GoG Updater.ahk" scroll="808" start="32556"></file>
		<file end="597" file="C:\Users\maestrith\Desktop\GOG DL\API_Login.ahk" scroll="17" start="597"></file>
		<file end="8377" file="C:\Users\maestrith\Desktop\GOG DL\download_functions.ahk" scroll="203" start="8377"></file>
		<file end="678" file="C:\Users\maestrith\Desktop\GOG DL\EncryptPasswords.ahk" scroll="31" start="678"></file>
		<file end="607" file="C:\Users\maestrith\Desktop\GOG DL\GUItrial.ahk" scroll="192" start="607"></file>
		<file end="3046" file="C:\Users\maestrith\Desktop\GOG DL\HTTP_Login.ahk" scroll="46" start="3046"></file>
		<file end="1761" file="C:\Users\maestrith\Desktop\GOG DL\HTTPRequest.ahk" scroll="28" start="1757"></file></main>
	<main file="C:\Users\maestrith\Desktop\GOG DL\asdf.ahk">
		<file end="141" file="C:\Users\maestrith\Desktop\GOG DL\asdf.ahk" scroll="0" start="141"></file></main>
	<main file="C:\Users\maestrith\Desktop\fafffaffaf.ahk">
		<file end="168754" file="C:\Users\maestrith\Desktop\fafffaffaf.ahk" scroll="3825" start="168754"></file></main>
	<main file="C:\Users\maestrith\Desktop\Split Script\Split Script.ahk">
		<file end="0" file="C:\Users\maestrith\Desktop\Split Script\Split Script.ahk" scroll="0" start="0"></file></main>
	<main file="D:\AHK\Projects\AHK Studio New GUI\Projects\Reddit\reddit.ahk">
		<file end="35" file="D:\AHK\Projects\AHK Studio New GUI\Projects\Reddit\reddit.ahk" scroll="0" start="35"></file></main>
	<main file="D:\ztesting\AHK Studio.ahk" search="addbutton">
		<file end="0" file="D:\ztesting\AHK Studio.ahk" scroll="4732" start="0"></file></main>
	<main file="D:\AHK\Projects\AHK Studio New GUI\Projects\HalfBlake\scroll under mouse.ahk">
		<file end="181" file="D:\AHK\Projects\AHK Studio New GUI\Projects\HalfBlake\scroll under mouse.ahk" scroll="0" start="181"></file></main>
	<main file="D:\AHK\Projects\AHK Studio New GUI\Projects\GeekDude\no idea.ahk">
		<file end="0" file="D:\AHK\Projects\AHK Studio New GUI\Projects\GeekDude\no idea.ahk" scroll="0" start="0"></file></main>
	<main file="C:\Users\maestrith\Desktop\httprequest.ahk">
		<file end="52945" file="C:\Users\maestrith\Desktop\httprequest.ahk" scroll="954" start="0"></file></main>
	<main file="D:\AHK Studio\Projects\Untitled\Untitled15\Untitled.ahk">
		<file end="0" file="D:\AHK Studio\Projects\Untitled\Untitled15\Untitled.ahk" scroll="0" start="0"></file></main>
	<main file="D:\AHK Studio\Projects\Untitled\Untitled16\Untitled.ahk">
		<file end="9" file="D:\AHK Studio\Projects\Untitled\Untitled16\Untitled.ahk" scroll="0" start="9"></file></main>
	<main file="D:\AHK Studio\AHK Studio.ahk" search="omni" id="9945432">
		<file end="91" file="D:\AHK Studio\AHK Studio.ahk" scroll="0" start="91"></file>
		<file end="872" file="D:\AHK Studio\fix indent.ahk" scroll="29" start="872"></file>
		<file end="0" file="D:\AHK Studio\automenu.ahk" scroll="0" start="8"></file>
		<file end="0" file="D:\AHK Studio\msgbox.ahk" scroll="0" start="0"></file>
		<file end="2594" file="D:\AHK Studio\msgbox creator.ahk" scroll="53" start="2604"></file>
		<file end="0" file="D:\AHK Studio\icon browser.ahk" scroll="0" start="18"></file>
		<file end="0" file="D:\AHK Studio\full backup.ahk" scroll="0" start="0"></file>
		<file end="3466" file="D:\AHK Studio\notify.ahk" scroll="108" start="3466"></file>
		<file end="150" file="D:\AHK Studio\hotkeys.ahk" scroll="0" start="150"></file>
		<file end="0" file="D:\AHK Studio\arrows.ahk" scroll="0" start="6"></file>
		<file end="18" file="D:\AHK Studio\set.ahk" scroll="0" start="18"></file>
		<file end="0" file="D:\AHK Studio\bracesetup.ahk" scroll="0" start="10"></file>
		<file end="0" file="D:\AHK Studio\Next Found.ahk" scroll="0" start="0"></file>
		<file end="264" file="D:\AHK Studio\Find Nearest Brace.ahk" scroll="0" start="264"></file>
		<file end="57" file="D:\AHK Studio\filecheck.ahk" scroll="0" start="57"></file>
		<file end="0" file="D:\AHK Studio\RefreshThemes.ahk" scroll="0" start="0"></file>
		<file end="125" file="D:\AHK Studio\new.ahk" scroll="0" start="125"></file>
		<file end="509" file="D:\AHK Studio\Create Segment From Selection.ahk" scroll="0" start="599"></file>
		<file end="452" file="D:\AHK Studio\themetext.ahk" scroll="0" start="452"></file>
		<file end="36" file="D:\AHK Studio\Code Vault.ahk" scroll="0" start="36"></file>
		<file end="876" file="D:\AHK Studio\qf.ahk" scroll="16" start="878"></file>
		<file end="5195" file="D:\AHK Studio\gui.ahk" scroll="111" start="5195"></file>
		<file end="1837" file="D:\AHK Studio\upload.ahk" scroll="37" start="1837"></file>
		<file end="3473" file="D:\AHK Studio\theme.ahk" scroll="92" start="3473"></file>
		<file end="501" file="D:\AHK Studio\auto update.ahk" scroll="0" start="500"></file>
		<file end="0" file="D:\AHK Studio\about.ahk" scroll="0" start="5"></file>
		<file end="509" file="D:\AHK Studio\menu creator.ahk" scroll="0" start="509"></file>
		<file end="431" file="D:\AHK Studio\Jump to Segment.ahk" scroll="0" start="441"></file>
		<file end="157" file="D:\AHK Studio\jump to project.ahk" scroll="0" start="157"></file>
		<file end="77" file="D:\AHK Studio\tv.ahk" scroll="0" start="77"></file>
		<file end="51" file="D:\AHK Studio\run selected text.ahk" scroll="0" start="51"></file>
		<file end="55" file="D:\AHK Studio\runfile.ahk" scroll="0" start="55"></file>
		<file end="0" file="D:\AHK Studio\Move Selected Lines.ahk" scroll="0" start="0"></file>
		<file end="57" file="D:\AHK Studio\remove spaces.ahk" scroll="0" start="57"></file>
		<file end="0" file="D:\AHK Studio\posinfo.ahk" scroll="0" start="0"></file>
		<file end="843" file="D:\AHK Studio\options.ahk" scroll="3" start="843"></file>
		<file end="0" file="D:\AHK Studio\xml.ahk" scroll="0" start="9"></file>
		<file end="0" file="D:\AHK Studio\fix after.ahk" scroll="0" start="0"></file>
		<file end="72" file="D:\AHK Studio\brace.ahk" scroll="0" start="72"></file>
		<file end="91" file="D:\AHK Studio\class ftp.ahk" scroll="0" start="91"></file>
		<file end="37" file="D:\AHK Studio\social.ahk" scroll="0" start="37"></file>
		<file end="0" file="D:\AHK Studio\testing.ahk" scroll="0" start="34"></file>
		<file end="576" file="D:\AHK Studio\Class s.ahk" scroll="0" start="588"></file>
		<file end="94" file="D:\AHK Studio\Create Multi-Line Comment.ahk" scroll="0" start="94"></file>
		<file end="152" file="D:\AHK Studio\resize.ahk" scroll="0" start="152"></file>
		<file end="0" file="D:\AHK Studio\Code Explorer.ahk" scroll="0" start="13"></file>
		<file end="44" file="D:\AHK Studio\open.ahk" scroll="0" start="44"></file>
		<file end="0" file="D:\AHK Studio\menu.ahk" scroll="0" start="0"></file>
		<file end="0" file="D:\AHK Studio\google search selected.ahk" scroll="0" start="0"></file>
		<file end="0" file="D:\AHK Studio\getpos.ahk" scroll="0" start="0"></file>
		<file end="0" file="D:\AHK Studio\get access.ahk" scroll="0" start="0"></file>
		<file end="4496" file="D:\AHK Studio\debug.ahk" scroll="114" start="4506"></file>
		<file end="13" file="D:\AHK Studio\exit.ahk" scroll="0" start="21"></file>
		<file end="480" file="D:\AHK Studio\Scintilla Code Lookup.ahk" scroll="0" start="480"></file>
		<file end="233" file="D:\AHK Studio\update.ahk" scroll="0" start="233"></file>
		<file end="0" file="D:\AHK Studio\rebar.ahk" scroll="0" start="11"></file>
		<file end="0" file="D:\AHK Studio\toolbar.ahk" scroll="0" start="13"></file>
		<file end="0" file="D:\AHK Studio\compile.ahk" scroll="0" start="7"></file>
		<file end="723" file="D:\AHK Studio\connect.ahk" scroll="0" start="733"></file>
		<file end="0" file="D:\AHK Studio\current.ahk" scroll="0" start="7"></file>
		<file end="564" file="D:\AHK Studio\edit replacements.ahk" scroll="0" start="564"></file>
		<file end="262" file="D:\AHK Studio\check id.ahk" scroll="0" start="262"></file>
		<file end="0" file="D:\AHK Studio\clean.ahk" scroll="0" start="5"></file>
		<file end="0" file="D:\AHK Studio\close.ahk" scroll="0" start="5"></file>
		<file end="0" file="D:\AHK Studio\addbutton.ahk" scroll="0" start="9"></file>
		<file end="261" file="D:\AHK Studio\window.ahk" scroll="0" start="261"></file>
		<file end="21" file="D:\AHK Studio\undo.ahk" scroll="0" start="21"></file>
		<file end="0" file="D:\AHK Studio\convert_hotkey.ahk" scroll="0" start="14"></file>
		<file end="4173" file="D:\AHK Studio\display.ahk" scroll="140" start="4179"></file>
		<file end="80" file="D:\AHK Studio\help.ahk" scroll="0" start="80"></file>
		<file end="0" file="D:\AHK Studio\delete.ahk" scroll="0" start="6"></file>
		<file end="1535" file="D:\AHK Studio\context.ahk" scroll="31" start="1542"></file>
		<file end="44" file="D:\AHK Studio\replace.ahk" scroll="0" start="44"></file>
		<file end="0" file="D:\AHK Studio\Dlg_Color.ahk" scroll="0" start="9"></file>
		<file end="0" file="D:\AHK Studio\dynarun.ahk" scroll="0" start="0"></file>
		<file end="451" file="D:\AHK Studio\keywords.ahk" scroll="0" start="451"></file>
		<file end="1210" file="D:\AHK Studio\split code.ahk" scroll="33" start="1210"></file>
		<file end="0" file="D:\AHK Studio\Sort Selected.ahk" scroll="0" start="0"></file>
		<file end="0" file="D:\AHK Studio\ssn.ahk" scroll="0" start="0"></file>
		<file end="0" file="D:\AHK Studio\forum.ahk" scroll="0" start="0"></file>
		<file end="667" file="D:\AHK Studio\new segment.ahk" scroll="0" start="667"></file>
		<file end="0" file="D:\AHK Studio\testing1.ahk" scroll="0" start="0"></file>
		<file end="0" file="D:\AHK Studio\asdf.ahk" scroll="0" start="0"></file>
		<file end="0" file="D:\AHK Studio\Add_Spaces_After_Commas.ahk" scroll="0" start="0"></file>
		<file end="0" file="D:\AHK Studio\Add_Spaces_Before_Commas.ahk" scroll="0" start="0"></file>
		<file end="0" file="D:\AHK Studio\Add Spaces After Commas.ahk" scroll="0" start="23"></file>
		<file end="28" file="D:\AHK Studio\Add Spaces Before Commas.ahk" scroll="0" start="28"></file>
		<file end="1166" file="D:\AHK Studio\restore current file.ahk" scroll="6" start="1177"></file>
		<file end="311" file="D:\AHK Studio\save.ahk" scroll="0" start="311"></file>
		<file end="174" file="D:\AHK Studio\publish.ahk" scroll="0" start="174"></file>
		<file end="0" file="D:\AHK Studio\AHK Studio.ahk\split code.ahk" scroll="0" start="0"></file>
		<file end="0" file="D:\AHK Studio\split code1.ahk" scroll="0" start="0"></file>
		<file end="0" file="D:\AHK Studio\split code2.ahk" scroll="0" start="0"></file>
		<file end="0" file="D:\AHK Studio\update1.ahk" scroll="0" start="0"></file>
		<file end="0" file="D:\AHK Studio\update2.ahk" scroll="0" start="0"></file>
		<file end="0" file="D:\AHK Studio\split code3.ahk" scroll="0" start="0"></file>
		<file end="0" file="D:\AHK Studio\split code4.ahk" scroll="0" start="0"></file>
		<file end="0" file="D:\AHK Studio\split code5.ahk" scroll="0" start="0"></file>
		<file end="0" file="D:\AHK Studio\On Dropfiles.ahk" scroll="0" start="0"></file>
		<file end="0" file="D:\AHK Studio\setpos.ahk" scroll="0" start="0"></file></main>
	<main file="C:\Users\maestrith\Desktop\reddit.ahk">
		<file end="62" file="C:\Users\maestrith\Desktop\reddit.ahk" scroll="136" start="62"></file></main>
	<main file="D:\AHK Studio\Projects\Untitled\Untitled17\Untitled.ahk">
		<file end="0" file="D:\AHK Studio\Projects\Untitled\Untitled17\Untitled.ahk" scroll="0" start="0"></file></main>
	<main file="C:\Users\maestrith\Desktop\testig - Copy.ahk">
		<file end="125" file="C:\Users\maestrith\Desktop\testig - Copy.ahk" scroll="0" start="125"></file></main>
	<main file="C:\Users\maestrith\Desktop\Popup Keyboard.ahk">
		<file end="0" file="C:\Users\maestrith\Desktop\Popup Keyboard.ahk" scroll="0" start="0"></file></main>
	<main file="C:\Users\maestrith\Desktop\New AutoHotkey Script.ahk">
		<file end="0" file="C:\Users\maestrith\Desktop\New AutoHotkey Script.ahk" scroll="0" start="0"></file></main>
	<main file="C:\Users\maestrith\Desktop\New AutoHotkey Script (3).ahk">
		<file end="0" file="C:\Users\maestrith\Desktop\New AutoHotkey Script (3).ahk" scroll="0" start="0"></file></main>
	<main file="D:\Projects\Split Script\Split Script.ahk">
		<file end="318" file="D:\Projects\Split Script\Split Script.ahk" scroll="0" start="318"></file>
		<file end="0" file="D:\Projects\Split Script\exit.ahk" scroll="0" start="4"></file>
		<file end="0" file="D:\Projects\Split Script\msgbox.ahk" scroll="0" start="1"></file>
		<file end="151" file="D:\Projects\Split Script\strip" scroll="0" start="151"></file>
		<file end="141" file="D:\Projects\Split Script\loadfile.ahk" scroll="0" start="141"></file>
		<file end="0" file="D:\Projects\Split Script\all" scroll="0" start="3"></file>
		<file end="118" file="D:\Projects\Split Script\rep" scroll="0" start="121"></file>
		<file end="0" file="D:\Projects\Split Script\show" scroll="0" start="4"></file>
		<file end="1044" file="D:\Projects\Don Corleon\URL Decode\url decode.ahk" scroll="0" start="1053"></file></main>
	<main file="C:\Users\maestrith\Pictures\Split Script (1).ahk">
		<file end="2656" file="C:\Users\maestrith\Pictures\Split Script (1).ahk" scroll="111" start="2656"></file></main>
	<main file="C:\Users\maestrith\Downloads\PBar_Class.ahk">
		<file end="306" file="C:\Users\maestrith\Downloads\PBar_Class.ahk" scroll="0" start="306"></file></main>
	<main file="C:\Users\MAESTR~1\Desktop\CONSTA~1.INI">
		<file end="165" file="C:\Users\MAESTR~1\Desktop\CONSTA~1.INI" scroll="1437" start="165"></file></main>
	<main file="D:\ztesting\plugget\testplug.ahk">
		<file end="54" file="D:\ztesting\plugget\testplug.ahk" scroll="6" start="54"></file>
		<file end="0" file="D:\ztesting\plugget\Plug\plug.ahk" scroll="0" start="0"></file></main>
	<main file="D:\ztesting\plugget\Plug\plug.ahk">
		<file end="0" file="D:\ztesting\plugget\Plug\plug.ahk" scroll="0" start="0"></file></main>
	<main file="D:\Projects\Don Corleon\URL Decode\url decode.ahk">
		<file end="4527" file="D:\Projects\Don Corleon\URL Decode\url decode.ahk" scroll="21" start="4527"></file></main>
	<main file="D:\Projects\Don Corleon\Youtube\youtube.ahk" multiple_id="9895681">
		<file end="8036" file="D:\Projects\Don Corleon\Youtube\youtube.ahk" scroll="0" start="8036"></file></main>
	<main file="D:\AHK Studio\Projects\Reddit\reddit.ahk">
		<file end="589" file="D:\AHK Studio\Projects\Reddit\reddit.ahk" scroll="0" start="589"></file>
		<file end="75" file="D:\AHK Studio\Projects\Reddit\go.ahk" scroll="0" start="125"></file></main>
	<main file="D:\AHK\Projects\Picture Sort\Picture Sort.ahk" search="lv_getcount">
		<file end="169" file="D:\AHK\Projects\Picture Sort\Picture Sort.ahk" scroll="0" start="169"></file>
		<file end="345" file="D:\AHK\Projects\Picture Sort\gui.ahk" scroll="0" start="345"></file>
		<file end="220" file="D:\AHK\Projects\Picture Sort\treeview.ahk" scroll="0" start="220"></file>
		<file end="498" file="D:\AHK\Projects\Picture Sort\listview.ahk" scroll="0" start="498"></file>
		<file end="0" file="D:\AHK\Projects\Picture Sort\image.ahk" scroll="0" start="5"></file>
		<file end="0" file="D:\AHK\Projects\Picture Sort\msgbox.ahk" scroll="0" start="1"></file>
		<file end="164" file="D:\AHK\Projects\Picture Sort\populate.ahk" scroll="0" start="164"></file>
		<file end="0" file="D:\AHK\Projects\Picture Sort\setup.ahk" scroll="0" start="5"></file>
		<file end="21" file="D:\AHK\Projects\Picture Sort\assignhotkey.ahk" scroll="0" start="21"></file>
		<file end="120" file="D:\AHK\Projects\Picture Sort\xml.ahk" scroll="0" start="120"></file>
		<file end="167" file="D:\AHK\Projects\Picture Sort\Directory Class.ahk" scroll="50" start="167"></file></main>
	<main file="C:\Users\maestrith\Desktop\download.ahk">
		<file end="16" file="C:\Users\maestrith\Desktop\download.ahk" scroll="0" start="16"></file></main>
	<main file="C:\Users\maestrith\Desktop\flan.ahk">
		<file end="39" file="C:\Users\maestrith\Desktop\flan.ahk" scroll="0" start="108"></file></main>
	<main file="D:\AHK Studio\Projects\BitBlt\bitblt.ahk">
		<file end="54" file="D:\AHK Studio\Projects\BitBlt\msgbox.ahk" scroll="0" start="54"></file>
		<file end="1174" file="D:\AHK Studio\Projects\BitBlt\bitblt.ahk" scroll="14" start="1174"></file></main>
	<main file="D:\Projects\Youtube Downloader\download.ahk" search="download">
		<file end="116" file="D:\Projects\Youtube Downloader\download.ahk" scroll="0" start="116"></file>
		<file end="463" file="D:\Projects\Youtube Downloader\gui.ahk" scroll="0" start="463"></file>
		<file end="230" file="D:\Projects\Youtube Downloader\tv.ahk" scroll="0" start="230"></file>
		<file end="971" file="D:\Projects\Youtube Downloader\clipboard change.ahk" scroll="29" start="1032"></file>
		<file end="0" file="D:\Projects\Youtube Downloader\dl.ahk" scroll="0" start="9"></file>
		<file end="0" file="D:\Projects\Youtube Downloader\uridecode.ahk" scroll="0" start="370"></file>
		<file end="159" file="D:\Projects\Youtube Downloader\downloadfile.ahk" scroll="0" start="159"></file>
		<file end="0" file="D:\Projects\Youtube Downloader\update.ahk" scroll="0" start="0"></file>
		<file end="0" file="D:\Projects\Youtube Downloader\urldownloadtovar.ahk" scroll="0" start="0"></file>
		<file end="0" file="D:\Projects\Youtube Downloader\links.ahk" scroll="0" start="0"></file>
		<file end="71" file="D:\Projects\Youtube Downloader\exit.ahk" scroll="0" start="71"></file>
		<file end="759" file="D:\Projects\Youtube Downloader\dir.ahk" scroll="13" start="759"></file>
		<file end="80" file="D:\Projects\Youtube Downloader\class tree.ahk" scroll="0" start="80"></file></main>
	<main file="D:\AHK Studio\Projects\Untitled\Untitled21\Untitled.ahk">
		<file end="0" file="D:\AHK Studio\Projects\Untitled\Untitled21\Untitled.ahk" scroll="0" start="0"></file></main>
	<main file="D:\AHK Studio\Projects\Untitled\Untitled18\Untitled.ahk">
		<file end="0" file="D:\AHK Studio\Projects\Untitled\Untitled18\Untitled.ahk" scroll="0" start="0"></file></main>
	<main file="D:\AHK Studio\Projects\Untitled\Untitled19\Untitled.ahk">
		<file end="0" file="D:\AHK Studio\Projects\Untitled\Untitled19\Untitled.ahk" scroll="0" start="0"></file></main>
	<main file="D:\AHK Studio\Projects\Untitled\Untitled20\Untitled.ahk">
		<file end="0" file="D:\AHK Studio\Projects\Untitled\Untitled20\Untitled.ahk" scroll="0" start="0"></file></main>
	<main file="D:\AHK Studio\Projects\Untitled\Untitled23\Untitled.ahk">
		<file end="0" file="D:\AHK Studio\Projects\Untitled\Untitled23\Untitled.ahk" scroll="0" start="0"></file></main>
	<main file="D:\AHK Studio\Projects\Untitled\Untitled22\Untitled.ahk">
		<file end="0" file="D:\AHK Studio\Projects\Untitled\Untitled22\Untitled.ahk" scroll="0" start="0"></file></main>
	<main file="D:\AHK Studio\Projects\Untitled\Untitled24\Untitled.ahk">
		<file end="0" file="D:\AHK Studio\Projects\Untitled\Untitled24\Untitled.ahk" scroll="0" start="0"></file></main>
	<main file="D:\AHK Studio\Projects\Untitled\Untitled25\Untitled.ahk">
		<file end="0" file="D:\AHK Studio\Projects\Untitled\Untitled25\Untitled.ahk" scroll="0" start="0"></file></main>
	<main file="D:\Projects\Download With Progress\Download With Progress.ahk">
		<file end="342" file="D:\Projects\Download With Progress\Download With Progress.ahk" scroll="4" start="342"></file></main>
	<main file="D:\AHK Studio\Projects\Untitled\Untitled27\Untitled.ahk">
		<file end="9" file="D:\AHK Studio\Projects\Untitled\Untitled27\Untitled.ahk" scroll="0" start="9"></file></main>
	<main file="D:\AHK Studio\Projects\Untitled\Untitled26\Untitled.ahk">
		<file end="0" file="D:\AHK Studio\Projects\Untitled\Untitled26\Untitled.ahk" scroll="0" start="0"></file></main>
	<main file="D:\Projects\Listview Colors\Listview Colors.ahk">
		<file end="1744" file="D:\Projects\Listview Colors\Listview Colors.ahk" scroll="0" start="0"></file></main>
	<main file="D:\AHK Studio\addbutton.ahk">
		<file end="0" file="D:\AHK Studio\addbutton.ahk" scroll="0" start="0"></file></main>
	<main file="D:\AHK Studio\asdf.ahk">
		<file end="52" file="D:\AHK Studio\asdf.ahk" scroll="0" start="52"></file></main>
	<main file="D:\ztesting\youtube\youtube.ahk" search="lv_add">
		<file end="2674" file="D:\ztesting\youtube\youtube.ahk" scroll="83" start="2768"></file></main>
	<main file="D:\AHK Studio\Projects\Testing\flan.ahk">
		<file end="8" file="D:\AHK Studio\Projects\Testing\include1.ahk" scroll="0" start="8"></file>
		<file end="276" file="D:\AHK Studio\Projects\Testing\flan.ahk" scroll="0" start="276"></file>
		<file end="9" file="D:\AHK Studio\Projects\Testing\include2.ahk" scroll="0" start="9"></file>
		<file end="8" file="D:\AHK Studio\Projects\Testing\include3.ahk" scroll="0" start="8"></file>
		<file end="8" file="D:\AHK Studio\Projects\Testing\include4.ahk" scroll="0" start="8"></file>
		<file end="8" file="D:\AHK Studio\Projects\Testing\include5.ahk" scroll="0" start="8"></file></main>
	<main file="D:\AHK Studio\Projects\Untitled\Untitled28\Untitled.ahk">
		<file end="0" file="D:\AHK Studio\Projects\Untitled\Untitled28\Untitled.ahk" scroll="0" start="0"></file></main>
	<main file="D:\ztesting\AHK Studoi.ahk">
		<file end="6" file="D:\ztesting\AHK Studoi.ahk" scroll="0" start="6"></file></main>
	<main file="D:\AHK Studio\Projects\Untitled\Untitled29\Untitled.ahk">
		<file end="0" file="D:\AHK Studio\Projects\Untitled\Untitled29\Untitled.ahk" scroll="0" start="0"></file></main>
	<main file="D:\AHK Studio Git\addbutton.ahk">
		<file end="113" file="D:\AHK Studio Git\addbutton.ahk" scroll="0" start="113"></file></main>
	<main file="D:\AHK Studio Git\AHK_Studio\Projects\Untitled\Untitled3\Untitled.ahk">
		<file end="0" file="D:\AHK Studio Git\AHK_Studio\Projects\Untitled\Untitled3\Untitled.ahk" scroll="0" start="0"></file></main>
	<main file="D:\AHK Studio Git\AHK_Studio\AHK Studio.ahk" search="&quot;stop&quot;">
		<file end="1233" file="D:\AHK Studio Git\AHK_Studio\AHK Studio.ahk" scroll="24" start="1233"></file>
		<file end="0" file="D:\AHK Studio\forum.ahk" scroll="0" start="0"></file>
		<file end="582" file="D:\AHK Studio Git\AHK_Studio\Menu Shortcut.ahk" scroll="10" start="582"></file>
		<file end="304" file="D:\AHK Studio\menu.ahk" scroll="0" start="322"></file>
		<file end="61" file="D:\AHK Studio\filecheck.ahk" scroll="0" start="61"></file>
		<file end="129" file="D:\AHK Studio\remove spaces.ahk" scroll="0" start="157"></file>
		<file end="0" file="D:\AHK Studio\xml.ahk" scroll="0" start="0"></file>
		<file end="891" file="D:\AHK Studio Git\AHK_Studio\commands search.ahk" scroll="33" start="891"></file>
		<file end="0" file="D:\AHK Studio\Find Nearest Brace.ahk" scroll="0" start="0"></file>
		<file end="2844" file="D:\AHK Studio\find.ahk" scroll="73" start="2844"></file>
		<file end="1393" file="D:\AHK Studio\about.ahk" scroll="9" start="1421"></file>
		<file end="0" file="D:\AHK Studio\exit.ahk" scroll="0" start="0"></file>
		<file end="25" file="D:\AHK Studio\Code Explorer.ahk" scroll="0" start="25"></file>
		<file end="36" file="D:\AHK Studio\connect.ahk" scroll="0" start="36"></file>
		<file end="0" file="D:\AHK Studio\arrows.ahk" scroll="0" start="0"></file>
		<file end="53" file="D:\AHK Studio\Add Spaces After Commas.ahk" scroll="0" start="53"></file>
		<file end="46" file="D:\AHK Studio\Add Spaces Before Commas.ahk" scroll="0" start="46"></file>
		<file end="4168" file="D:\AHK Studio\notify.ahk" scroll="103" start="4168"></file>
		<file end="1643" file="D:\AHK Studio\qf.ahk" scroll="53" start="1660"></file>
		<file end="0" file="D:\AHK Studio\automenu.ahk" scroll="0" start="0"></file>
		<file end="993" file="D:\AHK Studio\Scintilla Code Lookup.ahk" scroll="0" start="1038"></file>
		<file end="0" file="D:\AHK Studio\auto update.ahk" scroll="0" start="0"></file>
		<file end="3928" file="D:\AHK Studio Git\AHK_Studio\omni search.ahk" scroll="98" start="3935"></file>
		<file end="0" file="D:\AHK Studio Git\AHK_Studio\about.ahk" scroll="0" start="5"></file>
		<file end="0" file="D:\AHK Studio Git\AHK_Studio\Add Spaces After Commas.ahk" scroll="0" start="0"></file>
		<file end="167" file="D:\AHK Studio Git\AHK_Studio\Add Spaces Before Commas.ahk" scroll="0" start="167"></file>
		<file end="531" file="D:\AHK Studio Git\AHK_Studio\addbutton.ahk" scroll="19" start="531"></file>
		<file end="339" file="D:\AHK Studio Git\AHK_Studio\arrows.ahk" scroll="3" start="339"></file>
		<file end="8" file="D:\AHK Studio Git\AHK_Studio\automenu.ahk" scroll="0" start="0"></file>
		<file end="752" file="D:\AHK Studio Git\AHK_Studio\brace.ahk" scroll="17" start="756"></file>
		<file end="174" file="D:\AHK Studio Git\AHK_Studio\bracesetup.ahk" scroll="0" start="174"></file>
		<file end="0" file="D:\AHK Studio Git\AHK_Studio\changehotkey.ahk" scroll="0" start="12"></file>
		<file end="215" file="D:\AHK Studio Git\AHK_Studio\Check For Update.ahk" scroll="0" start="226"></file>
		<file end="0" file="D:\AHK Studio Git\AHK_Studio\checkerror.ahk" scroll="0" start="0"></file>
		<file end="804" file="D:\AHK Studio Git\AHK_Studio\class ftp.ahk" scroll="18" start="1283"></file>
		<file end="965" file="D:\AHK Studio Git\AHK_Studio\class s.ahk" scroll="12" start="965"></file>
		<file end="0" file="D:\AHK Studio Git\AHK_Studio\clean.ahk" scroll="0" start="5"></file>
		<file end="691" file="D:\AHK Studio Git\AHK_Studio\Code Explorer.ahk" scroll="8" start="691"></file>
		<file end="788" file="D:\AHK Studio Git\AHK_Studio\Code Vault.ahk" scroll="8" start="788"></file>
		<file end="0" file="D:\AHK Studio Git\AHK_Studio\compile main gist.ahk" scroll="0" start="17"></file>
		<file end="436" file="D:\AHK Studio Git\AHK_Studio\compilebox.ahk" scroll="0" start="436"></file>
		<file end="0" file="D:\AHK Studio Git\AHK_Studio\context.ahk" scroll="0" start="7"></file>
		<file end="509" file="D:\AHK Studio Git\AHK_Studio\Create Segment From Selection.ahk" scroll="0" start="509"></file>
		<file end="282" file="D:\AHK Studio Git\AHK_Studio\csc.ahk" scroll="0" start="282"></file>
		<file end="124" file="D:\AHK Studio Git\AHK_Studio\current.ahk" scroll="0" start="124"></file>
		<file end="72" file="D:\AHK Studio Git\AHK_Studio\debug.ahk" scroll="0" start="78"></file>
		<file end="1732" file="D:\AHK Studio Git\AHK_Studio\defaultfont.ahk" scroll="5" start="1732"></file>
		<file end="151" file="D:\AHK Studio Git\AHK_Studio\delete.ahk" scroll="0" start="151"></file>
		<file end="45" file="D:\AHK Studio Git\AHK_Studio\detach.ahk" scroll="0" start="45"></file>
		<file end="15" file="D:\AHK Studio Git\AHK_Studio\display.ahk" scroll="0" start="15"></file>
		<file end="0" file="D:\AHK Studio Git\AHK_Studio\Dlg Font.ahk" scroll="0" start="0"></file>
		<file end="31" file="D:\AHK Studio Git\AHK_Studio\Duplicate Line.ahk" scroll="0" start="31"></file>
		<file end="1135" file="D:\AHK Studio Git\AHK_Studio\DynaRun.ahk" scroll="6" start="1135"></file>
		<file end="1166" file="D:\AHK Studio Git\AHK_Studio\edit replacements.ahk" scroll="0" start="1166"></file>
		<file end="1296" file="D:\AHK Studio Git\AHK_Studio\filecheck.ahk" scroll="26" start="1296"></file>
		<file end="3516" file="D:\AHK Studio Git\AHK_Studio\find.ahk" scroll="88" start="3506"></file>
		<file end="202" file="D:\AHK Studio Git\AHK_Studio\Find Nearest Brace.ahk" scroll="0" start="202"></file>
		<file end="36" file="D:\AHK Studio Git\AHK_Studio\fix after.ahk" scroll="0" start="36"></file>
		<file end="0" file="D:\AHK Studio Git\AHK_Studio\forum.ahk" scroll="0" start="5"></file>
		<file end="0" file="D:\AHK Studio Git\AHK_Studio\full backup.ahk" scroll="0" start="11"></file>
		<file end="39" file="D:\AHK Studio Git\AHK_Studio\getpos.ahk" scroll="0" start="39"></file>
		<file end="173" file="D:\AHK Studio Git\AHK_Studio\google search selected.ahk" scroll="0" start="142"></file>
		<file end="1722" file="D:\AHK Studio Git\AHK_Studio\gui.ahk" scroll="13" start="1722"></file>
		<file end="0" file="D:\AHK Studio Git\AHK_Studio\help.ahk" scroll="0" start="0"></file>
		<file end="441" file="D:\AHK Studio Git\AHK_Studio\hotkeys.ahk" scroll="0" start="441"></file>
		<file end="398" file="D:\AHK Studio Git\AHK_Studio\json.ahk" scroll="0" start="398"></file>
		<file end="66" file="D:\AHK Studio Git\AHK_Studio\Jump to Segment.ahk" scroll="0" start="66"></file>
		<file end="214" file="D:\AHK Studio Git\AHK_Studio\lastfiles.ahk" scroll="0" start="214"></file>
		<file end="119" file="D:\AHK Studio Git\AHK_Studio\listvars.ahk" scroll="0" start="119"></file>
		<file end="44" file="D:\AHK Studio Git\AHK_Studio\LV Select.ahk" scroll="0" start="44"></file>
		<file end="77" file="D:\AHK Studio Git\AHK_Studio\marginwidth.ahk" scroll="0" start="77"></file>
		<file end="135" file="D:\AHK Studio Git\AHK_Studio\menu.ahk" scroll="0" start="135"></file>
		<file end="108" file="D:\AHK Studio Git\AHK_Studio\move selected lines up.ahk" scroll="0" start="108"></file>
		<file end="2126" file="D:\AHK Studio Git\AHK_Studio\Msgbox Creator.ahk" scroll="49" start="2126"></file>
		<file end="653" file="D:\AHK Studio Git\AHK_Studio\newwin.ahk" scroll="0" start="653"></file>
		<file end="1420" file="D:\AHK Studio Git\AHK_Studio\Post Multiple Segment Gist.ahk" scroll="15" start="1420"></file>
		<file end="53" file="D:\AHK Studio Git\AHK_Studio\run program.ahk" scroll="0" start="53"></file>
		<file end="295" file="D:\AHK Studio Git\AHK_Studio\savegui.ahk" scroll="0" start="295"></file>
		<file end="0" file="D:\AHK Studio Git\AHK_Studio\show.ahk" scroll="0" start="5"></file>
		<file end="112" file="D:\AHK Studio Git\AHK_Studio\step.ahk" scroll="0" start="112"></file>
		<file end="53" file="D:\AHK Studio Git\AHK_Studio\t.ahk" scroll="0" start="53"></file>
		<file end="210" file="D:\AHK Studio Git\AHK_Studio\varbrowser.ahk" scroll="0" start="210"></file>
		<file end="18558" file="D:\AHK Studio Git\AHK_Studio\temp.ahk" scroll="568" start="15577"></file>
		<file end="1490" file="D:\AHK Studio Git\AHK_Studio\class rebar.ahk" scroll="33" start="1497"></file>
		<file end="3964" file="D:\AHK Studio Git\AHK_Studio\class toolbar.ahk" scroll="103" start="3964"></file>
		<file end="646" file="D:\AHK Studio Git\AHK_Studio\color.ahk" scroll="14" start="646" breakpoint="32"></file>
		<file end="0" file="D:\AHK Studio Git\AHK_Studio\menu search.ahk" scroll="0" start="0"></file>
		<file end="826" file="D:\AHK Studio Git\AHK_Studio\new.ahk" scroll="0" start="826"></file>
		<file end="189" file="D:\AHK Studio Git\AHK_Studio\New Scintilla Window.ahk" scroll="0" start="189"></file>
		<file end="742" file="D:\AHK Studio Git\AHK_Studio\new segment.ahk" scroll="1" start="755"></file>
		<file end="3821" file="D:\AHK Studio Git\AHK_Studio\notify.ahk" scroll="0" start="3821" fold="87,109"></file>
		<file end="604" file="D:\AHK Studio Git\AHK_Studio\open.ahk" scroll="4" start="604"></file>
		<file end="821" file="D:\AHK Studio Git\AHK_Studio\options.ahk" scroll="8" start="821"></file>
		<file end="16" file="D:\AHK Studio Git\AHK_Studio\paste.ahk" scroll="0" start="16"></file>
		<file end="917" file="D:\AHK Studio Git\AHK_Studio\Personal Variable List.ahk" scroll="5" start="917"></file>
		<file end="1174" file="D:\AHK Studio Git\AHK_Studio\post all in one gist.ahk" scroll="9" start="1174"></file>
		<file end="938" file="D:\AHK Studio Git\AHK_Studio\qf.ahk" scroll="34" start="938"></file>
		<file end="42" file="D:\AHK Studio Git\AHK_Studio\refresh.ahk" scroll="0" start="42"></file>
		<file end="53" file="D:\AHK Studio Git\AHK_Studio\Remove Scintilla Window.ahk" scroll="0" start="53"></file>
		<file end="454" file="D:\AHK Studio Git\AHK_Studio\Remove Segment.ahk" scroll="0" start="454"></file>
		<file end="140" file="D:\AHK Studio Git\AHK_Studio\Remove Spaces From Selected.ahk" scroll="0" start="140"></file>
		<file end="363" file="D:\AHK Studio Git\AHK_Studio\replace.ahk" scroll="0" start="363"></file>
		<file end="332" file="D:\AHK Studio Git\AHK_Studio\replace selected.ahk" scroll="0" start="332"></file>
		<file end="215" file="D:\AHK Studio Git\AHK_Studio\restore current file.ahk" scroll="0" start="215"></file>
		<file end="171" file="D:\AHK Studio Git\AHK_Studio\run.ahk" scroll="0" start="171"></file>
		<file end="51" file="D:\AHK Studio Git\AHK_Studio\run selected text.ahk" scroll="0" start="51"></file>
		<file end="1597" file="D:\AHK Studio Git\AHK_Studio\scintilla code lookup.ahk" scroll="25" start="1601"></file>
		<file end="205" file="D:\AHK Studio Git\AHK_Studio\Send WM COPYDATA.ahk" scroll="0" start="205"></file>
		<file end="0" file="D:\AHK Studio Git\AHK_Studio\set.ahk" scroll="0" start="0"></file>
		<file end="0" file="D:\AHK Studio Git\AHK_Studio\setup.ahk" scroll="0" start="0"></file>
		<file end="410" file="D:\AHK Studio Git\AHK_Studio\show scintilla code in line.ahk" scroll="0" start="410"></file>
		<file end="37" file="D:\AHK Studio Git\AHK_Studio\social.ahk" scroll="0" start="37"></file>
		<file end="117" file="D:\AHK Studio Git\AHK_Studio\split code.ahk" scroll="0" start="117"></file>
		<file end="61" file="D:\AHK Studio Git\AHK_Studio\testing.ahk" scroll="0" start="61"></file>
		<file end="4020" file="D:\AHK Studio Git\AHK_Studio\Theme.ahk" scroll="97" start="4020"></file>
		<file end="126" file="D:\AHK Studio Git\AHK_Studio\traymenu.ahk" scroll="0" start="126"></file>
		<file end="932" file="D:\AHK Studio Git\AHK_Studio\tv.ahk" scroll="11" start="963"></file>
		<file end="546" file="D:\AHK Studio Git\AHK_Studio\update.ahk" scroll="0" start="546"></file>
		<file end="107" file="D:\AHK Studio Git\AHK_Studio\URLDownloadToVar.ahk" scroll="0" start="107"></file>
		<file end="0" file="D:\AHK Studio Git\AHK_Studio\window.ahk" scroll="0" start="0"></file>
		<file end="47" file="D:\AHK Studio Git\AHK_Studio\WM COPYDATA.ahk" scroll="0" start="47"></file>
		<file end="0" file="D:\AHK Studio Git\AHK_Studio\file search.ahk" scroll="0" start="11"></file>
		<file end="343" file="D:\AHK Studio Git\AHK_Studio\Dlg Color.ahk" scroll="0" start="343"></file>
		<file end="0" file="D:\AHK Studio Git\AHK_Studio\set as default editor.ahk" scroll="0" start="0"></file>
		<file end="0" file="D:\AHK Studio Git\AHK_Studio\Default.ahk" scroll="0" start="0"></file>
		<file end="13" file="D:\AHK Studio Git\AHK_Studio\hide menu.ahk" scroll="0" start="24"></file>
		<file end="252" file="D:\AHK Studio Git\AHK_Studio\menu editor.ahk" scroll="0" start="228"></file>
		<file end="0" file="D:\AHK Studio Git\AHK_Studio\show menu.ahk" scroll="0" start="0"></file>
		<file end="37" file="D:\AHK Studio Git\AHK_Studio\add spaces before and after commas.ahk" scroll="0" start="37"></file>
		<file end="274" file="D:\AHK Studio Git\AHK_Studio\compile.ahk" scroll="0" start="330"></file>
		<file end="60" file="D:\AHK Studio Git\AHK_Studio\refreshthemes.ahk" scroll="0" start="53"></file>
		<file end="920" file="D:\AHK Studio Git\AHK_Studio\class icon browser.ahk" scroll="19" start="927"></file>
		<file end="2710" file="D:\AHK Studio Git\AHK_Studio\class xml.ahk" scroll="81" start="2715"></file>
		<file end="67" file="D:\AHK Studio Git\AHK_Studio\jump to project.ahk" scroll="0" start="67"></file>
		<file end="433" file="D:\AHK Studio Git\AHK_Studio\Scratch Pad.ahk" scroll="0" start="443"></file>
		<file end="179" file="D:\AHK Studio Git\AHK_Studio\hwnd.ahk" scroll="0" start="179"></file>
		<file end="843" file="D:\AHK Studio Git\AHK_Studio\themetext.ahk" scroll="0" start="843"></file>
		<file end="597" file="D:\AHK Studio Git\AHK_Studio\fix indent.ahk" scroll="16" start="597"></file>
		<file end="662" file="D:\AHK Studio Git\AHK_Studio\close.ahk" scroll="0" start="662"></file>
		<file end="0" file="D:\AHK Studio Git\AHK_Studio\flan.ahk" scroll="0" start="0"></file>
		<file end="0" file="D:\AHK Studio Git\AHK_Studio\center.ahk" scroll="0" start="0"></file>
		<file end="0" file="D:\AHK Studio Git\AHK_Studio\open folder.ahk" scroll="0" start="0"></file>
		<file end="541" file="D:\AHK Studio Git\AHK_Studio\save.ahk" scroll="0" start="548"></file>
		<file end="75" file="D:\AHK Studio Git\AHK_Studio\runit.ahk" scroll="0" start="158"></file>
		<file end="23" file="D:\AHK Studio Git\AHK_Studio\Next Found.ahk" scroll="0" start="23"></file>
		<file end="13" file="D:\AHK Studio Git\AHK_Studio\undo.ahk" scroll="0" start="13"></file>
		<file end="1051" file="D:\AHK Studio Git\AHK_Studio\upload.ahk" scroll="0" start="1051"></file>
		<file end="0" file="D:\AHK Studio Git\AHK_Studio\m.ahk" scroll="0" start="1"></file>
		<file end="0" file="D:\AHK Studio Git\AHK_Studio\auto insert.ahk" scroll="0" start="11"></file>
		<file end="0" file="D:\AHK Studio Git\AHK_Studio\cgp.ahk" scroll="0" start="3"></file>
		<file end="400" file="D:\AHK Studio Git\AHK_Studio\keywords.ahk" scroll="0" start="400"></file>
		<file end="14" file="D:\AHK Studio Git\AHK_Studio\ftp servers.ahk" scroll="0" start="14"></file>
		<file end="638" file="D:\AHK Studio Git\AHK_Studio\connect.ahk" scroll="0" start="638"></file>
		<file end="0" file="D:\AHK Studio Git\AHK_Studio\single code explorer.ahk" scroll="0" start="0"></file>
		<file end="0" file="D:\AHK Studio Git\AHK_Studio\check id.ahk" scroll="0" start="0"></file>
		<file end="625" file="D:\AHK Studio Git\AHK_Studio\Sort Selected.ahk" scroll="1" start="636"></file>
		<file end="47" file="D:\AHK Studio Git\AHK_Studio\sn.ahk" scroll="0" start="47"></file>
		<file end="404" file="D:\AHK Studio Git\AHK_Studio\Class Code Explorer.ahk" scroll="0" start="404"></file>
		<file end="0" file="D:\AHK Studio Git\AHK_Studio\local.ahk" scroll="0" start="0"></file>
		<file end="587" file="D:\AHK Studio Git\AHK_Studio\resize.ahk" scroll="0" start="587"></file>
		<file end="0" file="D:\AHK Studio Git\AHK_Studio\posinfo.ahk" scroll="0" start="0"></file>
		<file end="373" file="D:\AHK Studio Git\AHK_Studio\create launcher.ahk" scroll="0" start="373"></file>
		<file end="132" file="D:\AHK Studio Git\AHK_Studio\previous found.ahk" scroll="0" start="123"></file>
		<file end="0" file="D:\AHK Studio Git\AHK_Studio\Refresh Code Explorer.ahk" scroll="0" start="0"></file>
		<file end="0" file="D:\AHK Studio Git\AHK_Studio\Method Searcy.ahk" scroll="0" start="0"></file>
		<file end="17" file="D:\AHK Studio Git\AHK_Studio\Method Search.ahk" scroll="0" start="35"></file>
		<file end="31" file="D:\AHK Studio Git\AHK_Studio\class search.ahk" scroll="0" start="31"></file>
		<file end="37" file="D:\AHK Studio Git\AHK_Studio\function search.ahk" scroll="0" start="37"></file>
		<file end="36" file="D:\AHK Studio Git\AHK_Studio\Hotkey Search.ahk" scroll="0" start="36"></file>
		<file end="31" file="D:\AHK Studio Git\AHK_Studio\Search Label.ahk" scroll="0" start="31"></file>
		<file end="0" file="D:\AHK Studio Git\AHK_Studio\SocketEvent.ahk" scroll="0" start="0"></file>
		<file end="131" file="D:\AHK Studio Git\AHK_Studio\Run Script.ahk" scroll="0" start="140"></file>
		<file end="102" file="D:\AHK Studio Git\AHK_Studio\stop.ahk" scroll="0" start="102"></file>
		<file end="526" file="D:\AHK Studio Git\AHK_Studio\setpos.ahk" scroll="0" start="526" breakpoint="5,12"></file>
		<file end="0" file="D:\AHK Studio Git\AHK_Studio\select.ahk" scroll="0" start="6"></file>
		<file end="954" file="D:\AHK Studio Git\AHK_Studio\publish.ahk" scroll="0" start="954"></file>
		<file end="296" file="D:\AHK Studio Git\AHK_Studio\Toggle Multiple Line Comment.ahk" scroll="0" start="296"></file>
		<file end="0" file="D:\AHK Studio Git\AHK_Studio\toggle comment line.ahk" scroll="0" start="0"></file>
		<file end="788" file="D:\AHK Studio Git\AHK_Studio\striperror.ahk" scroll="0" start="788"></file>
		<file end="0" file="D:\AHK Studio Git\AHK_Studio\get access.ahk" scroll="0" start="0"></file>
		<file end="0" file="D:\AHK Studio Git\AHK_Studio\global.ahk" scroll="0" start="0"></file></main>
	<main file="D:\AHK Studio Git\AHK_Studio\asdf.ahk">
		<file end="0" file="D:\AHK Studio Git\AHK_Studio\asdf.ahk" scroll="0" start="0"></file></main>
	<main file="D:\AHK Studio Git\AHK_Studio\flan.ahk">
		<file end="0" file="D:\AHK Studio Git\AHK_Studio\flan.ahk" scroll="0" start="0"></file></main>
	<main file="D:\AHK Studio Git\AHK_Studio\flappy.ahk">
		<file end="0" file="D:\AHK Studio Git\AHK_Studio\flappy.ahk" scroll="0" start="0"></file></main>
	<main file="C:\Users\maestrith\Desktop\testing.ahk">
		<file end="32" file="C:\Users\maestrith\Desktop\testing.ahk" scroll="0" start="32"></file></main>
	<main file="D:\AHK Studio Git\AHK_Studio\Projects\Untitled\Untitled4\Untitled.ahk">
		<file end="0" file="D:\AHK Studio Git\AHK_Studio\Projects\Untitled\Untitled4\Untitled.ahk" scroll="0" start="0"></file></main>
	<main file="D:\Projects\Text Launcher\Text Launcher.ahk">
		<file end="0" file="D:\Projects\Text Launcher\Text Launcher.ahk" scroll="39" start="0"></file></main>
	<main file="D:\Projects\Crop.ahk">
		<file end="90" file="D:\Projects\Crop.ahk" scroll="0" start="90"></file>
		<file end="251" file="D:\Projects\capture.ahk" scroll="0" start="251"></file>
		<file end="530" file="D:\Projects\Capture Screen.ahk" scroll="0" start="530"></file>
		<file end="2523" file="D:\Projects\class xml.ahk" scroll="82" start="2523"></file>
		<file end="402" file="D:\Projects\Dlg Color.ahk" scroll="0" start="402"></file>
		<file end="51" file="D:\Projects\m.ahk" scroll="0" start="51"></file>
		<file end="1093" file="D:\Projects\resize.ahk" scroll="0" start="1093"></file>
		<file end="47" file="D:\Projects\sn.ahk" scroll="0" start="47"></file>
		<file end="52" file="D:\Projects\t.ahk" scroll="0" start="52"></file>
		<file end="0" file="D:\Projects\undo.ahk" scroll="0" start="0"></file>
		<file end="146" file="D:\Projects\class image.ahk" scroll="66" start="146"></file></main>
	<main file="C:\Users\maestrith\AppData\Local\Microsoft\Windows\INetCache\IE\O8I1S2JJ\Dark[1].xml">
		<file end="0" file="C:\Users\maestrith\AppData\Local\Microsoft\Windows\INetCache\IE\O8I1S2JJ\Dark[1].xml" scroll="0" start="0"></file></main>
	<main file="C:\Users\maestrith\AppData\Local\Microsoft\Windows\INetCache\IE\ESGM6LNB\Dark[1].xml">
		<file end="0" file="C:\Users\maestrith\AppData\Local\Microsoft\Windows\INetCache\IE\ESGM6LNB\Dark[1].xml" scroll="0" start="0"></file></main>
	<main file="D:\AHK Studio\backup\20140407011807\On Dropfiles.ahk">
		<file end="0" file="D:\AHK Studio\backup\20140407011807\On Dropfiles.ahk" scroll="0" start="0"></file></main>
	<main file="D:\Projects\Adabo\process id.ahk" search="lib">
		<file end="162" file="D:\Projects\Adabo\process id.ahk" scroll="0" start="162"></file></main>
	<main file="D:\AHK\111.ahk">
		<file end="0" file="D:\AHK\111.ahk" scroll="0" start="0"></file></main>
	<main file="D:\AHK\aid.ahk">
		<file end="0" file="D:\AHK\aid.ahk" scroll="0" start="0"></file></main>
	<main file="D:\AHK\cf.ahk">
		<file end="0" file="D:\AHK\cf.ahk" scroll="0" start="0"></file></main>
	<main file="D:\Newest Scintilla\scintilla\lexers\LexAsm.cxx" search="//.+}">
		<file end="58" file="D:\Newest Scintilla\scintilla\lexers\LexAsm.cxx" scroll="264" start="58"></file></main>
	<main file="C:\Users\maestrith\Desktop\traywipe.ahk">
		<file end="271" file="C:\Users\maestrith\Desktop\traywipe.ahk" scroll="0" start="271"></file></main>
	<main file="D:\Projects\Capture Screen.ahk">
		<file end="0" file="D:\Projects\Capture Screen.ahk" scroll="0" start="0"></file></main>
	<main file="D:\Projects\Dlg Color.ahk">
		<file end="402" file="D:\Projects\Dlg Color.ahk" scroll="0" start="402"></file></main>
	<main file="D:\Projects\Youtube Demos\Debugging.ahk">
		<file end="0" file="D:\Projects\Youtube Demos\error.ahk" scroll="0" start="0"></file>
		<file end="102" file="D:\Projects\Youtube Demos\Debugging.ahk" scroll="0" start="102"></file></main>
	<main file="D:\Projects\GeekDude\URI Decode\decode uri.ahk">
		<file end="336" file="D:\Projects\GeekDude\URI Decode\decode uri.ahk" scroll="0" start="336"></file></main>
	<main file="D:\Projects\AHK-Lib-JSON\JSON_ToObj.ahk">
		<file end="113" file="D:\Projects\AHK-Lib-JSON\JSON_ToObj.ahk" scroll="73" start="3523"></file></main>
	<main file="D:\testing\AHK Studio.ahk">
		<file end="0" file="D:\testing\AHK Studio.ahk" scroll="0" start="0"></file></main>
	<main file="D:\AHK Studio Git\AHK_Studio\Projects\Scratch Pad.ahk">
		<file end="356" file="D:\AHK Studio Git\AHK_Studio\Projects\Scratch Pad.ahk" scroll="0" start="356"></file>
		<file end="2637" file="D:\AHK Studio Git\AHK_Studio\Projects\xml.ahk" scroll="77" start="2639"></file></main>
	<main file="D:\AHK\Projects\irc\next.ahk">
		<file end="1401" file="D:\AHK\Projects\irc\next.ahk" scroll="35" start="1401"></file></main>
	<main file="D:\AHK\Projects\New IRC\irc.ahk" search="onmessage">
		<file end="207" file="D:\AHK\Projects\New IRC\irc.ahk" scroll="0" start="207"></file>
		<file end="155" file="D:\AHK\Projects\New IRC\connect.ahk" scroll="0" start="155"></file>
		<file end="482" file="D:\AHK\Projects\New IRC\gui.ahk" scroll="0" start="482"></file>
		<file end="96" file="D:\AHK\Projects\New IRC\class users.ahk" scroll="0" start="96"></file>
		<file end="307" file="D:\AHK\Projects\New IRC\next.ahk" scroll="0" start="307"></file>
		<file end="514" file="D:\AHK\Projects\New IRC\display.ahk" scroll="1" start="514"></file>
		<file end="82" file="D:\AHK\Projects\New IRC\add server.ahk" scroll="0" start="82"></file>
		<file end="10" file="D:\AHK\Projects\New IRC\caption.ahk" scroll="0" start="10"></file>
		<file end="357" file="D:\AHK\Projects\New IRC\class socket.ahk" scroll="0" start="369"></file>
		<file end="57" file="D:\AHK\Projects\New IRC\onrecv.ahk" scroll="0" start="57"></file>
		<file end="127" file="D:\AHK\Projects\New IRC\socketeventproc.ahk" scroll="0" start="127"></file></main>
	<main file="D:\testing\irc\irc.ahk">
		<file end="33114" file="D:\testing\irc\irc.ahk" scroll="1200" start="33114"></file></main>
	<main file="D:\Constants.W32.ini">
		<file end="175" file="D:\Constants.W32.ini" scroll="0" start="175"></file></main>
	<main file="D:\Projects\ini\ini.ahk">
		<file end="388" file="D:\Projects\ini\ini.ahk" scroll="0" start="388"></file></main>
	<main file="D:\AHK Studio Git\AHK_Studio\Projects\Untitled\Untitled1\Untitled.ahk">
		<file end="9" file="D:\AHK Studio Git\AHK_Studio\Projects\Untitled\Untitled1\Untitled.ahk" scroll="0" start="9"></file></main>
	<main file="D:\Newest Scintilla\scintilla\bin\AHK Studio.ahk">
		<file end="0" file="D:\Newest Scintilla\scintilla\bin\AHK Studio.ahk" scroll="0" start="0"></file>
		<file end="0" file="D:\Newest Scintilla\scintilla\bin\set.ahk" scroll="0" start="0"></file>
		<file end="646" file="D:\Newest Scintilla\scintilla\bin\color.ahk" scroll="7" start="646"></file>
		<file end="91" file="D:\Newest Scintilla\scintilla\bin\filecheck.ahk" scroll="0" start="91"></file></main>
	<main file="D:\AHK Studio Git\AHK_Studio\Projects\Untitled\Untitled2\Untitled.ahk" search="m.start" end="231" start="224">
		<file end="54" file="D:\AHK Studio Git\AHK_Studio\Projects\Untitled\Untitled2\Untitled.ahk" scroll="0" start="54"></file>
		<file end="60" file="D:\AHK Studio Git\AHK_Studio\Projects\Untitled\Untitled2\farts.ahk" scroll="0" start="33"></file></main>
	<main file="D:\AHK Studio Git\AHK_Studio\Projects\Jigga\objects.ahk">
		<file end="104" file="D:\AHK Studio Git\AHK_Studio\Projects\Jigga\objects.ahk" scroll="0" start="102"></file></main>
	<main file="D:\AHK\Testing\dbgp-master\tester.ahk">
		<file end="61" file="D:\AHK\Testing\dbgp-master\tester.ahk" scroll="0" start="61"></file></main>
	<main file="D:\AHK\Testing\dbgp-master\dbgp_test.ahk">
		<file end="1297" file="D:\AHK\Testing\dbgp-master\dbgp_test.ahk" scroll="34" start="1297"></file>
		<file end="5400" file="D:\AHK\Testing\dbgp-master\dbgp.ahk" scroll="156" start="5400"></file></main>
	<main file="D:\AHK\Testing\dbgp-master\dbgp.ahk">
		<file end="4956" file="D:\AHK\Testing\dbgp-master\dbgp.ahk" scroll="139" start="4956"></file></main>
	<main file="D:\Projects\fucker\fucker.ahk">
		<file end="8" file="D:\Projects\fucker\fucker.ahk" scroll="0" start="8"></file></main>
	<main file="">
		<file end="16" file="D:\AHK Studio Git\AHK_Studio\Projects\Untitled\Untitled2\farts.ahk" start="11"></file></main>
	<main file="D:\AHK Studio Git\AHK_Studio\Projects\Untitled\Untitled2\farts.ahk">
		<file end="47" file="D:\AHK Studio Git\AHK_Studio\Projects\Untitled\Untitled2\farts.ahk" start="20"></file></main>
	<main file="D:\AHK\Projects\IRC 2\irc.ahk" search="chr(3)">
		<file end="0" file="D:\AHK\Projects\IRC 2\irc.ahk" scroll="0" start="0"></file>
		<file end="767" file="D:\AHK\Projects\IRC 2\format.ahk" scroll="14" start="767"></file></main>
	<main file="D:\MyRC-master\IRCBot.ahk" search="a_ptrsize">
		<file end="306" file="D:\MyRC-master\IRCBot.ahk" scroll="6" start="405"></file>
		<file end="1434" file="D:\MyRC-master\IRCClass.ahk" scroll="47" start="1434"></file>
		<file end="0" file="D:\MyRC-master\Json.ahk" scroll="115" start="0"></file>
		<file end="4255" file="D:\MyRC-master\Socket.ahk" scroll="126" start="4259"></file></main>
	<main file="D:\MyRC-master\Settings.ini">
		<file end="116" file="D:\MyRC-master\Settings.ini" scroll="0" start="116"></file></main>
	<main file="D:\AHK Studio Git\Projects\Untitled\Untitled3\Untitled.ahk">
		<file end="48" file="D:\AHK Studio Git\Projects\Untitled\Untitled3\Untitled.ahk" scroll="0" start="48"></file>
		<file end="37" file="D:\AHK Studio Git\Projects\Untitled\Untitled3\flan.ahk" scroll="0" start="42"></file></main>
	<main file="D:\AutoHotkey_L-master\source\debug.h">
		<file end="709" file="D:\AutoHotkey_L-master\source\debug.h" scroll="0" start="709"></file></main>
	<main file="D:\AutoHotkey_L-master\source\Debugger.cpp">
		<file end="0" file="D:\AutoHotkey_L-master\source\Debugger.cpp" scroll="0" start="0"></file></main>
	<main file="D:\AutoHotkey_L-master\source\Debugger.h">
		<file end="0" file="D:\AutoHotkey_L-master\source\Debugger.h" scroll="0" start="0"></file></main>
	<main file="D:\AutoHotkey_L-master\source\stdafx.cpp">
		<file end="232" file="D:\AutoHotkey_L-master\source\stdafx.cpp" scroll="0" start="232"></file></main>
	<main file="D:\AutoHotkey_L-master\source\stdafx.h">
		<file end="315" file="D:\AutoHotkey_L-master\source\stdafx.h" scroll="53" start="315"></file></main>
	<main file="D:\AutoHotkey_L-master\source\search for error in.ahk">
		<file end="48" file="D:\AutoHotkey_L-master\source\search for error in.ahk" scroll="0" start="48"></file></main>
	<main file="D:\AutoHotkey_L-master\source\hotkey.h">
		<file end="10804" file="D:\AutoHotkey_L-master\source\hotkey.h" scroll="195" start="10809"></file></main>
	<main file="D:\AutoHotkey_L-master\source\script.cpp">
		<file end="695351" file="D:\AutoHotkey_L-master\source\script.cpp" scroll="16501" start="695359"></file></main>
	<main file="D:\AutoHotkey_L-master\source\script2.cpp">
		<file end="68409" file="D:\AutoHotkey_L-master\source\script2.cpp" scroll="1537" start="68414"></file></main>
	<main file="D:\scroll.ahk">
		<file end="241" file="D:\scroll.ahk" scroll="0" start="241"></file></main>
	<main file="D:\Projects\BigVent\navigation complete.ahk">
		<file end="287" file="D:\Projects\BigVent\navigation complete.ahk" scroll="0" start="287"></file></main>
	<main file="D:\Projects\julka\capture screen.ahk" search="GdiplusStartup">
		<file end="62" file="D:\Projects\julka\capture screen.ahk" scroll="0" start="62"></file>
		<file end="57541" file="D:\Projects\julka\gdip.ahk" scroll="1574" start="57518"></file></main>
	<main file="D:\Projects\Elesar\ftp.ahk">
		<file end="1178" file="D:\Projects\Elesar\ftp.ahk" scroll="14" start="1178"></file></main>
	<main file="C:\Users\maestrith\Downloads\fuzzy_searcher.ahk">
		<file end="14382" file="C:\Users\maestrith\Downloads\fuzzy_searcher.ahk" scroll="439" start="14382"></file></main>
	<main file="D:\Projects\julka\gdip.ahk">
		<file end="86212" file="D:\Projects\julka\gdip.ahk" scroll="2377" start="86212"></file></main>
	<main file="C:\Program Files\AutoHotkey\SciTE\tools\find it.ahk">
		<file end="189" file="C:\Program Files\AutoHotkey\SciTE\tools\find it.ahk" scroll="0" start="189"></file></main>
	<main file="D:\Projects\Com Objects\wscript shell\wscript shell.ahk">
		<file end="120" file="D:\Projects\Com Objects\wscript shell\wscript shell.ahk" scroll="0" start="447"></file></main>
	<main file="D:\Projects\Com Objects\wscript shell\flan.ahk">
		<file end="15" file="D:\Projects\Com Objects\wscript shell\flan.ahk" scroll="0" start="15"></file></main>
	<main file="D:\AutoHotkey_L-master\bin\Win32w_debug\flan.ahk" search="detach">
		<file end="77" file="D:\AutoHotkey_L-master\bin\Win32w_debug\flan.ahk" scroll="0" start="77"></file></main>
	<main file="D:\Projects\Guild Wars 2\Xbox.ahk">
		<file end="6513" file="D:\Projects\Guild Wars 2\Xbox.ahk" scroll="39" start="6513"></file></main>
	<main file="C:\Users\maestrith\Desktop\Picture Sort.ahk - Shortcut.lnk">
		<file end="0" file="C:\Users\maestrith\Desktop\Picture Sort.ahk - Shortcut.lnk" scroll="0" start="0"></file></main>
</positions>
